Taxid,Species,TTT,TTC,TTA,TTG,CTT,CTC,CTA,CTG,ATT,ATC,ATA,ATG,GTT,GTC,GTA,GTG,TAT,TAC,TAA,TAG,CAT,CAC,CAA,CAG,AAT,AAC,AAA,AAG,GAT,GAC,GAA,GAG,TCT,TCC,TCA,TCG,CCT,CCC,CCA,CCG,ACT,ACC,ACA,ACG,GCT,GCC,GCA,GCG,TGT,TGC,TGA,TGG,CGT,CGC,CGA,CGG,AGT,AGC,AGA,AGG,GGT,GGC,GGA,GGG
83333,Escherichia coli K-12,30239.46511627907,22332.6511627907,18646.79069767442,18392.720930232557,15064.953488372093,15044.209302325582,5283.139534883721,71716.41860465116,41290.90697674418,33992.83720930233,5859.232558139535,37730.58139534884,24801.60465116279,20707.18604651163,14785.162790697674,35533.023255813954,21843.302325581397,16507.906976744187,2754.093023255814,303.3953488372093,17378.441860465115,12995.976744186046,20625.81395348837,39290.023255813954,23919.20930232558,29146.162790697676,45617.3023255814,14037.46511627907,43585.90697674418,25945.74418604651,53713.58139534884,24394.232558139534,11423.139534883721,11748.488372093023,9684.232558139534,12002.511627906977,9520.46511627907,7394.953488372093,11386.93023255814,31467.06976744186,12015.511627906977,31624.976744186046,9510.372093023256,19529.767441860466,20742.13953488372,34807.62790697674,27382.488372093023,45663.20930232558,6917.767441860465,8640.209302325582,1280.093023255814,20593.93023255814,28351.60465116279,29712.116279069767,4771,7297.581395348837,11806.232558139534,21672.325581395347,2804.767441860465,1564.6279069767443,33439.48837209302,39969.93023255814,10775.627906976744,14985.139534883721
6239,Caenorhabditis elegans,140171,153411.5,61580.5,130525,140637,97279.5,50917.5,80727,210096,123687.5,59301.5,173820.5,163179.5,91574.5,65776.5,97690.5,113163.5,89490.5,6988,2539.5,95686,60596.5,189384.5,100673.5,200085,120337,244269.5,174575.5,248383.5,116681,284902,171282,115109.5,71449.5,143197.5,86422.5,61724.5,29763.5,185772,69013,131556,70378,139254.5,61926,156742.5,86232,138100.5,57355.5,72887,58272.5,4723,71266.5,76441.5,33770.5,83975.5,32276,83136.5,56186,102645,25307.5,75152.5,45109,215298.5,28551.5
7227,Drosophila melanogaster,127552.5,207981,46758,160422.5,87980,135266.5,82041.5,373703,166538,223529.5,96164.5,228571.5,114904,137372.5,66320.5,274452.5,108809,176766.5,6501,5473.5,110044,160285,170391.5,381116,219991.5,263203,167009.5,388909,282844,242394,223910,431853.5,74482,199974.5,86744,178118,75804,187112,150565,169302.5,102446.5,218912.5,120468.5,151683,146952.5,335126,134722.5,143869,59127.5,133518,4638,94016,90807,180612.5,86942,81922.5,123790,214489.5,52366.5,62180,138459,269184,183977,46946.5
3702,Arabidopsis thaliana,157830,134694.33333333334,93502.33333333333,149966.33333333334,171490.33333333334,103852.33333333333,71837,73189.66666666667,152766.33333333334,119715,94994.66666666667,170117.66666666666,187531.66666666666,82853.66666666667,73541.33333333333,116649,105914.33333333333,88609,5937,3373.6666666666665,100478.33333333333,57973.333333333336,140529.66666666666,108752,165591,139717.66666666666,220118.66666666666,223719.66666666666,261763,115390.66666666667,251333.33333333334,222567,180514,75554.66666666667,136229.66666666666,61452.333333333336,129138.33333333333,35561.666666666664,113772.66666666667,52934,121472.66666666667,66539.33333333333,114300.33333333333,49316.666666666664,189514.66666666666,65200.333333333336,126121.33333333333,55848.333333333336,76037.33333333333,51244.333333333336,7081.666666666667,85109.66666666667,59162.666666666664,25612.666666666668,44029.333333333336,33481,105361.66666666667,80939.33333333333,136427,77225,147679.66666666666,61102.333333333336,162467.33333333334,70660
9606,Homo sapiens,692689.5,706703.5,351876.5,543397.5,569249,719756,300969,1459222.5,666012.5,754592,326553,870016,474584,543382.5,309515,1045470.5,489410,545302,17610.5,14250.5,478248.5,592060,568302.5,1436084.5,744903.5,739482,1110573.5,1283975,971100,980859,1359878.5,1603285,684332,700031.5,571384,162966,780469.5,772372.5,764528,251551.5,576376,721333,667801,226023.5,767364,1044443,688612.5,238883,420523.5,436891,31947,468649,183833,352213.5,259423,435894,567695,795934,536607,490238.5,437869.5,799706,692102,620413.5
10090,Mus musculus,507696,592318.5,236661.5,422289.5,431199.5,596636,257700.5,1179004.5,473116.5,650183.5,233267,696279.5,350341.5,466699.5,241514,843835.5,357297.5,462487,12492,11279.5,363567,490862,426346.5,1191436,515294.5,636902,783822,1100740,726574,849937,995034.5,1339411,565216.5,592104.5,436235.5,139043.5,653650.5,592835,624422,197275.5,456590,592142,546213,185438.5,655425.5,810195,546329,186369.5,341123.5,347371,23935.5,361442.5,149331.5,275358.5,224139.5,338194.5,463559.5,678073,424736.5,414738,356845.5,635272,540946,475152.5
10117,Rattus rattus,157928,193780,70355.5,129595,130785.5,185646.5,76875,364278,144768.5,204246,70960.5,215011,106781.5,144268.5,73390,264701,110141,147611,4748,4042,104024,149373,119314,346949.5,153310,196485.5,228717,330199,211601.5,259918.5,285057,396760,166179.5,179276.5,125781,43216.5,191416.5,180253.5,179369.5,63536.5,133559.5,178534.5,158493.5,57854,194987.5,250599.5,161462.5,63285,102926.5,110291,8557,112082.5,46618,87257.5,68202,104669,133710.5,199194,123993.5,122760,109472,198358.5,162158.5,147626
7955,Danio rerio,328840,361210,144365.5,245447.5,265652.5,330823.5,139456.5,720527,314807,434041.5,158001.5,473496,278442,282582.5,142805.5,524265.5,226731,295626,9957.5,5634,230975.5,298188.5,289154.5,696510,339067,458440.5,619707.5,599224.5,521247.5,540173,558931.5,887793,382593,317845,326192,104296,376078.5,260945.5,363891.5,145469,317043.5,320369.5,385608,136269.5,415672,365842.5,344465,137710.5,225045,200689.5,16070.5,208114.5,135820,180594.5,136061,128011,309098,384831.5,313593,214102,264871,315648,418455,197660.5
8355,Xenopus laevis,543019.5,384623,310019.5,397444,470310,314031,256098,650011.5,560419.5,415099.5,349278,608051.5,443053,295276.5,301211,528777,395229,336492,15233,7657.5,361947,314445,515030.5,768194.5,643482.5,518447,931790.5,777775,816210,559388,1052986,872583,557670,396670.5,445258,96228.5,508147.5,299679.5,580507,114429,467153,362329.5,592923.5,118291.5,526647.5,394602,554890.5,98351,306571.5,259060,15531,275968.5,154425.5,152284.5,161863,153118.5,433089.5,437249.5,416234,302596,318634.5,324562.5,555523.5,317867
